Symbol,Sector,Correlation,Cap_Category
20MICRONS,NIFTY INFRA,0.855,Small Cap
21STCENMGM,NIFTY ALPHA 50,0.7737,Micro Cap
3IINFOLTD,NIFTY LARGEMID250,0.859,Micro Cap
3MINDIA,NIFTY FMCG,0.8624,Large Cap
3PLAND,NIFTY ALPHA 50,0.8232,Unknown
5PAISA,NIFTY IT,0.8355,Small Cap
63MOONS,NIFTY INDIA MFG,0.9055,Small Cap
A2ZINFRA,NIFTY CPSE,0.765,Micro Cap
AAKASH,NIFTY IT,0.8238,Micro Cap
AAREYDRUGS,NIFTY LARGEMID250,0.7251,Micro Cap
AARTIDRUGS,NIFTY IT,0.7989,Small Cap
AARTISURF,NIFTY LARGEMID250,0.7803,Micro Cap
AARVEEDEN,NIFTY ALPHA 50,0.8944,Micro Cap
AARVI,NIFTY CPSE,0.8537,Micro Cap
AAVAS,NIFTY FIN SERVICE,0.9133,Mid Cap
ABAN,NIFTY CPSE,0.9098,Micro Cap
ABBOTINDIA,NIFTY FMCG,0.8688,Large Cap
ABFRL,NIFTY CPSE,0.844,Mid Cap
ABSLAMC,NIFTY LARGEMID250,0.8433,Large Cap
ABSLBANETF,NIFTY BANK,0.9971,Unknown
ACC,NIFTY 500,0.966,Large Cap
ACE,NIFTY 500,0.9722,Mid Cap
ADANIGREEN,NIFTY ENERGY,0.9269,Large Cap
ADANIPORTS,NIFTY INFRA,0.961,Large Cap
ADANITRANS,NIFTY CONSUMPTION,0.8957,Unknown
ADFFOODS,NIFTY 50,0.9474,Small Cap
ADSL,NIFTY ALPHA 50,0.8957,Small Cap
ADVANIHOTR,NIFTY ALPHA 50,0.8917,Small Cap
ADVENZYMES,NIFTY GS COMPSITE,0.754,Small Cap
AFFLE,NIFTY ALPHA 50,0.9424,Large Cap
AGARIND,NIFTY ALPHA 50,0.8607,Small Cap
AGI,NIFTY ALPHA 50,0.8791,Small Cap
AGRITECH,NIFTY CPSE,0.8839,Micro Cap
AGROPHOS,NIFTY INDIA MFG,0.6505,Micro Cap
AGSTRA,NIFTY IT,0.7424,Micro Cap
AHLUCONT,NIFTY COMMODITIES,0.8735,Mid Cap
AIAENG,NIFTY FMCG,0.9319,Large Cap
AIRAN,NIFTY INDIA MFG,0.7795,Micro Cap
AIROLAM,NIFTY HEALTHCARE,0.7073,Micro Cap
AJANTPHARM,NIFTY ALPHA 50,0.86,Large Cap
AJMERA,NIFTY ALPHA 50,0.8889,Small Cap
AJOONI,NIFTY IT,0.7667,Micro Cap
AJRINFRA,NIFTY ALPHA 50,0.8776,Micro Cap
AKASH,NIFTY IND DIGITAL,0.5387,Micro Cap
AKSHAR,NIFTY AUTO,0.7929,Micro Cap
AKSHARCHEM,NIFTY ALPHA 50,0.8546,Micro Cap
AKSHOPTFBR,NIFTY CPSE,0.8214,Micro Cap
AKZOINDIA,NIFTY FIN SERVICE,0.792,Mid Cap
ALANKIT,NIFTY LARGEMID250,0.7732,Micro Cap
ALBERTDAVD,NIFTY ALPHA 50,0.8137,Micro Cap
ALEMBICLTD,NIFTY IT,0.8349,Small Cap
ALICON,NIFTY 500,0.9237,Small Cap
ALKALI,NIFTY ALPHA 50,0.9081,Micro Cap
ALKEM,NIFTY IT,0.9172,Large Cap
ALKYLAMINE,NIFTY IT,0.9593,Mid Cap
ALLCARGO,NIFTY ALPHA 50,0.9014,Small Cap
ALLSEC,NIFTY CONSUMPTION,0.9459,Unknown
ALMONDZ,NIFTY ALPHA 50,0.9268,Micro Cap
ALPA,NIFTY ALPHA 50,0.9356,Micro Cap
ALPSINDUS,NIFTY ALPHA 50,0.8493,Micro Cap
AMARAJABAT,NIFTY LARGEMID250,0.8925,Unknown
AMBIKCO,NIFTY ALPHA 50,0.9038,Small Cap
AMBUJACEM,NIFTY 500,0.9313,Large Cap
AMIORG,NIFTY LARGEMID250,0.91,Unknown
AMJLAND,NIFTY ALPHA 50,0.882,Micro Cap
AMRUTANJAN,NIFTY ALPHA 50,0.9663,Small Cap
ANANTRAJ,NIFTY 500,0.9284,Large Cap
ANDREWYU,NIFTY LARGEMID250,0.8581,Small Cap
ANKITMETAL,NIFTY IT,0.7544,Micro Cap
ANMOL,NIFTY IND DIGITAL,0.7898,Micro Cap
ANSALHSG,NIFTY ALPHA 50,0.7247,Unknown
ANTGRAPHIC,NIFTY CONSUMPTION,0.7755,Micro Cap
ANUP,NIFTY 500,0.9286,Small Cap
ANURAS,NIFTY ALPHA 50,0.8053,Mid Cap
APARINDS,NIFTY AUTO,0.7992,Large Cap
APCL,NIFTY 500,0.7516,Micro Cap
APEX,NIFTY INDIA MFG,0.8909,Small Cap
APLAPOLLO,NIFTY ALPHA 50,0.9715,Large Cap
APLLTD,NIFTY IND DIGITAL,0.7315,Mid Cap
APOLLO,NIFTY HEALTHCARE,0.7817,Mid Cap
APOLLOHOSP,NIFTY ALPHA 50,0.9788,Large Cap
APOLLOPIPE,NIFTY ALPHA 50,0.9678,Small Cap
APOLLOTYRE,NIFTY 500,0.8574,Large Cap
APOLSINHOT,NIFTY HEALTHCARE,0.8674,Micro Cap
APTECHT,NIFTY ALPHA 50,0.9236,Small Cap
APTUS,NIFTY IND DIGITAL,0.7371,Mid Cap
ARCHIDPLY,NIFTY CPSE,0.7318,Micro Cap
ARCHIES,NIFTY CPSE,0.663,Micro Cap
ARENTERP,NIFTY LARGEMID250,0.8415,Micro Cap
ARIES,NIFTY ALPHA 50,0.9444,Micro Cap
ARIHANTCAP,NIFTY LARGEMID250,0.898,Small Cap
ARIHANTSUP,NIFTY CONSUMPTION,0.908,Small Cap
ARMANFIN,NIFTY ENERGY,0.9063,Small Cap
AROGRANITE,NIFTY 500,0.8088,Micro Cap
ARSHIYA,NIFTY ALPHA 50,0.6141,Micro Cap
ARTEMISMED,NIFTY CPSE,0.908,Unknown
ARVEE,Unassigned,0.1852,Micro Cap
ARVIND,NIFTY ALPHA 50,0.9382,Mid Cap
ARVINDFASN,NIFTY HEALTHCARE,0.6214,Mid Cap
ARVSMART,NIFTY ALPHA 50,0.8562,Small Cap
ASAL,NIFTY LARGEMID250,0.7867,Small Cap
ASALCBR,NIFTY COMMODITIES,0.962,Small Cap
ASHIMASYN,NIFTY 500,0.877,Micro Cap
ASHOKLEY,NIFTY 500,0.9438,Large Cap
ASIANHOTNR,NIFTY INDIA MFG,0.7537,Small Cap
ASIANTILES,NIFTY INDIA MFG,0.819,Small Cap
ASPINWALL,NIFTY CONSUMPTION,0.7281,Micro Cap
ASTEC,NIFTY CONSUMPTION,0.9305,Small Cap
ASTERDM,NIFTY CONSUMPTION,0.877,Large Cap
ASTRAMICRO,NIFTY ALPHA 50,0.8811,Mid Cap
ASTRON,NIFTY IND DIGITAL,0.7351,Micro Cap
ATFL,NIFTY IT,0.8948,Unknown
ATGL,NIFTY ENERGY,0.9387,Large Cap
ATLANTA,NIFTY ALPHA 50,0.8867,Unknown
ATUL,NIFTY ALPHA 50,0.9704,Mid Cap
ATULAUTO,NIFTY CONSR DURBL,0.433,Small Cap
AUBANK,NIFTY 50,0.9324,Large Cap
AURIONPRO,NIFTY ALPHA 50,0.8643,Mid Cap
AUSOMENT,NIFTY CONSUMPTION,0.8777,Micro Cap
AUTOAXLES,NIFTY 500,0.8965,Small Cap
AUTOIND,NIFTY 500,0.8356,Micro Cap
AVANTIFEED,NIFTY CONSUMPTION,0.6962,Mid Cap
AVTNPL,NIFTY ALPHA 50,0.908,Small Cap
AWL,NIFTY FMCG,0.7107,Large Cap
AXISBANK,NIFTY BANK,0.862,Large Cap
AXISBPSETF,NIFTY IND DIGITAL,0.8217,Unknown
AXISCADES,NIFTY CPSE,0.881,Mid Cap
AXISHCETF,NIFTY HEALTHCARE,0.9769,Unknown
AXISNIFTY,NIFTY LARGEMID250,0.9828,Unknown
AXITA,NIFTY CONSUMPTION,0.9296,Micro Cap
BAJAJ-AUTO,NIFTY CONSUMPTION,0.8905,Large Cap
BAJAJCON,NIFTY INDIA MFG,0.9201,Small Cap
BAJAJFINSV,NIFTY 100,0.9769,Large Cap
BAJAJHCARE,NIFTY LARGEMID250,0.8257,Small Cap
BAJAJHIND,NIFTY ALPHA 50,0.8609,Small Cap
BAJAJHLDNG,NIFTY ENERGY,0.9635,Large Cap
BAJFINANCE,NIFTY FIN SERVICE,0.9794,Large Cap
BALAJITELE,NIFTY INDIA MFG,0.8577,Small Cap
BALAMINES,NIFTY ALPHA 50,0.9545,Small Cap
BALKRISHNA,NIFTY LARGEMID250,0.7946,Micro Cap
BALKRISIND,NIFTY 100,0.9556,Large Cap
BALMLAWRIE,NIFTY IND DIGITAL,0.8382,Small Cap
BALPHARMA,NIFTY ALPHA 50,0.9456,Micro Cap
BALRAMCHIN,NIFTY ALPHA 50,0.9452,Mid Cap
BANARISUG,NIFTY CONSUMPTION,0.9277,Small Cap
BANDHANBNK,NIFTY LARGEMID250,0.9386,Large Cap
BANKA,NIFTY COMMODITIES,0.7045,Micro Cap
BANKINDIA,NIFTY LARGEMID250,0.9434,Large Cap
BASF,NIFTY ALPHA 50,0.9515,Mid Cap
BAYERCROP,NIFTY IND DIGITAL,0.7266,Large Cap
BBOX,NIFTY IT,0.8832,Mid Cap
BBTC,NIFTY FMCG,0.5717,Mid Cap
BCG,NIFTY IND DIGITAL,0.8169,Small Cap
BCP,NIFTY INDIA MFG,0.6601,Unknown
BDL,NIFTY ENERGY,0.8255,Large Cap
BEARDSELL,NIFTY CPSE,0.7314,Micro Cap
BECTORFOOD,NIFTY IND DIGITAL,0.6963,Mid Cap
BEL,NIFTY LARGEMID250,0.9462,Large Cap
BEPL,NIFTY INDIA MFG,0.8851,Small Cap
BERGEPAINT,NIFTY FIN SERVICE,0.9048,Large Cap
BESTAGRO,NIFTY INFRA,0.8819,Small Cap
BGRENERGY,NIFTY ALPHA 50,0.8975,Small Cap
BHAGCHEM,NIFTY FMCG,0.8063,Small Cap
BHAGYANGR,NIFTY 500,0.8962,Micro Cap
BHARATFORG,NIFTY 500,0.9633,Large Cap
BHARATRAS,NIFTY FMCG,0.9388,Small Cap
BHEL,NIFTY IND DIGITAL,0.8378,Large Cap
BIL,NIFTY ALPHA 50,0.8018,Small Cap
BIOFILCHEM,NIFTY LARGEMID250,0.8314,Micro Cap
BIRLACABLE,NIFTY CPSE,0.8173,Micro Cap
BIRLACORPN,NIFTY ALPHA 50,0.907,Mid Cap
BLBLIMITED,NIFTY ENERGY,0.8447,Micro Cap
BLS,NIFTY CONSUMPTION,0.8213,Mid Cap
BODALCHEM,NIFTY 500,0.882,Small Cap
BOMDYEING,NIFTY LARGEMID250,0.8941,Small Cap
BOROLTD,NIFTY ENERGY,0.8653,Small Cap
BORORENEW,NIFTY ENERGY,0.9069,Mid Cap
BOSCHLTD,NIFTY INDIA MFG,0.8597,Large Cap
BPL,NIFTY 500,0.8188,Micro Cap
BRNL,Unassigned,0.3383,Micro Cap
BSL,NIFTY ALPHA 50,0.8446,Micro Cap
BSLGOLDETF,NIFTY FMCG,0.8105,Unknown
BSLNIFTY,NIFTY 500,0.9972,Unknown
BSLSENETFG,NIFTY 50,0.9865,Unknown
BSOFT,NIFTY ALPHA 50,0.9745,Mid Cap
BURNPUR,NIFTY ALPHA 50,0.8573,Micro Cap
BUTTERFLY,NIFTY INFRA,0.9099,Small Cap
BYKE,NIFTY CPSE,0.9554,Micro Cap
CALSOFT,NIFTY LARGEMID250,0.7944,Micro Cap
CAMLINFINE,NIFTY 500,0.8427,Small Cap
CAMPUS,NIFTY CONSUMPTION,0.9021,Mid Cap
CAMS,NIFTY 500,0.7895,Mid Cap
CANBK,NIFTY LARGEMID250,0.9201,Large Cap
CAPACITE,NIFTY LARGEMID250,0.8742,Small Cap
CAPLIPOINT,NIFTY CONSUMPTION,0.9324,Mid Cap
CAPTRUST,NIFTY IND DIGITAL,0.7268,Micro Cap
CARBORUNIV,NIFTY 500,0.9659,Mid Cap
CAREERP,NIFTY LARGEMID250,0.8069,Unknown
CARERATING,NIFTY CPSE,0.4776,Small Cap
CARTRADE,NIFTY LARGEMID250,0.7912,Mid Cap
CASTROLIND,NIFTY LARGEMID250,0.8686,Mid Cap
CCL,NIFTY ALPHA 50,0.9061,Mid Cap
CDSL,NIFTY ALPHA 50,0.9843,Large Cap
CEATLTD,NIFTY AUTO,0.7052,Mid Cap
CELEBRITY,NIFTY CPSE,0.7852,Micro Cap
CENTENKA,NIFTY ALPHA 50,0.9453,Small Cap
CENTRALBK,NIFTY CPSE,0.6671,Large Cap
CENTRUM,NIFTY LARGEMID250,0.7858,Small Cap
CENTUM,NIFTY 500,0.7905,Small Cap
CENTURYPLY,NIFTY ALPHA 50,0.9581,Mid Cap
CENTURYTEX,NIFTY LARGEMID250,0.9128,Unknown
CERA,NIFTY 500,0.9663,Mid Cap
CEREBRAINT,NIFTY ALPHA 50,0.9038,Micro Cap
CESC,NIFTY LARGEMID250,0.8907,Large Cap
CGCL,NIFTY CONSUMPTION,0.953,Mid Cap
CGPOWER,NIFTY ALPHA 50,0.8882,Large Cap
CHALET,NIFTY HEALTHCARE,0.7675,Mid Cap
CHAMBLFERT,NIFTY ALPHA 50,0.9682,Mid Cap
CHEMBOND,NIFTY LARGEMID250,0.8031,Micro Cap
CHEMCON,NIFTY HEALTHCARE,0.7192,Small Cap
CHEMFAB,NIFTY CPSE,0.6451,Small Cap
CHEMPLASTS,NIFTY IT,0.7675,Small Cap
CHENNPETRO,NIFTY INDIA MFG,0.8017,Mid Cap
CHOICEIN,NIFTY AUTO,0.9366,Mid Cap
CHOLAHLDNG,NIFTY 500,0.9271,Large Cap
CINELINE,NIFTY CONSUMPTION,0.8639,Micro Cap
CINEVISTA,NIFTY CONSUMPTION,0.9054,Micro Cap
CLEDUCATE,NIFTY CPSE,0.927,Micro Cap
CMICABLES,NIFTY IND DIGITAL,0.664,Micro Cap
COASTCORP,NIFTY IND DIGITAL,0.8346,Micro Cap
COFFEEDAY,NIFTY CONSR DURBL,0.5597,Small Cap
COMPINFO,NIFTY ALPHA 50,0.913,Micro Cap
CONFIPET,NIFTY 500,0.9484,Small Cap
CONSUMBEES,NIFTY 500,0.9608,Unknown
CONTROLPR,NIFTY CPSE,0.8852,Small Cap
CORALFINAC,NIFTY ALPHA 50,0.9051,Micro Cap
CORDSCABLE,NIFTY INDIA MFG,0.8668,Micro Cap
COROMANDEL,NIFTY FMCG,0.9158,Large Cap
COUNCODOS,NIFTY ALPHA 50,0.7515,Micro Cap
CREATIVE,NIFTY ENERGY,0.8881,Small Cap
CREST,NIFTY CONSUMPTION,0.8347,Small Cap
CRISIL,NIFTY ALPHA 50,0.9143,Large Cap
CSBBANK,NIFTY FIN SERVICE,0.6707,Mid Cap
CSLFINANCE,NIFTY HEALTHCARE,0.757,Small Cap
CUB,NIFTY LARGEMID250,0.8102,Large Cap
CUBEXTUB,NIFTY CONSUMPTION,0.8956,Micro Cap
CYBERMEDIA,NIFTY COMMODITIES,0.6643,Micro Cap
CYIENT,NIFTY 500,0.9544,Mid Cap
DABUR,NIFTY FMCG,0.9383,Large Cap
DALMIASUG,NIFTY ALPHA 50,0.9559,Small Cap
DAMODARIND,NIFTY ALPHA 50,0.8649,Micro Cap
DANGEE,NIFTY ENERGY,0.8607,Micro Cap
DATAMATICS,NIFTY ALPHA 50,0.9292,Small Cap
DATAPATTNS,NIFTY CONSUMPTION,0.8516,Mid Cap
DBCORP,Unassigned,0.3215,Small Cap
DBL,NIFTY INDIA MFG,0.9086,Mid Cap
DBREALTY,NIFTY CPSE,0.7743,Mid Cap
DBSTOCKBRO,NIFTY ALPHA 50,0.7654,Micro Cap
DCAL,NIFTY IND DIGITAL,0.7623,Small Cap
DCBBANK,Unassigned,0.325,Mid Cap
DCM,NIFTY ALPHA 50,0.8389,Micro Cap
DCMNVL,NIFTY ALPHA 50,0.9432,Micro Cap
DCMSRIND,NIFTY ALPHA 50,0.8025,Small Cap
DEEPAKFERT,NIFTY COMMODITIES,0.8621,Mid Cap
DEEPINDS,NIFTY CPSE,0.9157,Small Cap
DELPHIFX,NIFTY IND DIGITAL,0.7708,Micro Cap
DELTAMAGNT,NIFTY CPSE,0.9171,Micro Cap
DEVIT,NIFTY FMCG,0.8113,Micro Cap
DGCONTENT,NIFTY 500,0.7341,Micro Cap
DHANI,NIFTY IND DIGITAL,0.6239,Small Cap
DHARAMSI,NIFTY ENERGY,0.8636,Unknown
DHRUV,NIFTY INFRA,0.6563,Micro Cap
DIAMONDYD,NIFTY HEALTHCARE,0.868,Small Cap
DIGISPICE,NIFTY INDIA MFG,0.8353,Small Cap
DIL,NIFTY IT,0.7898,Micro Cap
DISHTV,NIFTY CPSE,0.5991,Small Cap
DIVISLAB,NIFTY IT,0.9592,Large Cap
DIVOPPBEES,NIFTY 500,0.9882,Unknown
DIXON,NIFTY IT,0.9609,Large Cap
DLF,NIFTY 500,0.9675,Large Cap
DLINKINDIA,NIFTY 500,0.8871,Small Cap
DMART,NIFTY IT,0.9509,Large Cap
DNAMEDIA,NIFTY 500,0.8436,Micro Cap
DODLA,NIFTY INDIA MFG,0.7295,Mid Cap
DOLATALGO,NIFTY COMMODITIES,0.8225,Small Cap
DOLLAR,NIFTY ALPHA 50,0.9259,Small Cap
DONEAR,NIFTY ALPHA 50,0.9146,Small Cap
DPABHUSHAN,NIFTY ENERGY,0.9181,Small Cap
DPSCLTD,NIFTY INDIA MFG,0.7395,Small Cap
DPWIRES,NIFTY CPSE,0.9317,Micro Cap
DREAMFOLKS,NIFTY ENERGY,0.8014,Small Cap
DREDGECORP,NIFTY LARGEMID250,0.8204,Small Cap
DRREDDY,NIFTY HEALTHCARE,0.9273,Large Cap
DSPN50ETF,NIFTY 100,0.9935,Unknown
DSPNEWETF,NIFTY LARGEMID250,0.9868,Unknown
DSPQ50ETF,NIFTY INDIA MFG,0.972,Unknown
DSPSILVETF,NIFTY HEALTHCARE,0.7597,Unknown
DTIL,NIFTY ALPHA 50,0.8615,Micro Cap
DWARKESH,NIFTY CONSUMPTION,0.8968,Small Cap
DYNPRO,NIFTY IT,0.9388,Micro Cap
EBBETF0423,NIFTY GS COMPSITE,0.9428,Unknown
EBBETF0425,NIFTY COMMODITIES,0.9483,Unknown
EBBETF0431,NIFTY GS COMPSITE,0.9543,Unknown
EICHERMOT,NIFTY AUTO,0.905,Large Cap
EIFFL,NIFTY CONSUMPTION,0.6734,Small Cap
EIHOTEL,NIFTY CPSE,0.7222,Large Cap
ELDEHSG,NIFTY ALPHA 50,0.8587,Small Cap
ELECTHERM,NIFTY LARGEMID250,0.7739,Small Cap
EMAMILTD,NIFTY 500,0.9017,Large Cap
EMKAY,NIFTY LARGEMID250,0.8669,Small Cap
ENDURANCE,NIFTY 500,0.8926,Large Cap
ENIL,NIFTY LARGEMID250,0.892,Small Cap
EQUITAS,NIFTY INDIA MFG,0.9129,Unknown
ESABINDIA,NIFTY ENERGY,0.9326,Mid Cap
ESSENTIA,NIFTY 500,0.8608,Micro Cap
EUROTEXIND,NIFTY CPSE,0.7593,Micro Cap
EXCEL,NIFTY CPSE,0.8777,Micro Cap
EXPLEOSOL,NIFTY ALPHA 50,0.9301,Small Cap
FCL,NIFTY INFRA,0.8366,Small Cap
FCSSOFT,NIFTY ALPHA 50,0.8171,Micro Cap
FEDERALBNK,NIFTY CPSE,0.811,Large Cap
FIBERWEB,NIFTY INDIA MFG,0.7015,Micro Cap
FILATEX,NIFTY 100,0.9595,Small Cap
FINCABLES,NIFTY 500,0.8227,Mid Cap
FINEORG,NIFTY ENERGY,0.8754,Mid Cap
FLEXITUFF,NIFTY CPSE,0.8215,Micro Cap
FMNL,NIFTY CONSR DURBL,0.6116,Micro Cap
FORCEMOT,NIFTY LARGEMID250,0.8413,Large Cap
FSC,NIFTY IND DIGITAL,0.8171,Micro Cap
GAEL,NIFTY ENERGY,0.9375,Mid Cap
GALAXYSURF,NIFTY 500,0.9602,Mid Cap
GANECOS,NIFTY ENERGY,0.9243,Small Cap
GANGAFORGE,NIFTY IT,0.8319,Micro Cap
GARFIBRES,NIFTY 50,0.9716,Mid Cap
GAYAPROJ,NIFTY INDIA MFG,0.7561,Micro Cap
GEECEE,NIFTY ALPHA 50,0.9086,Small Cap
GEEKAYWIRE,NIFTY INDIA MFG,0.5719,Micro Cap
GENCON,NIFTY LARGEMID250,0.7034,Micro Cap
GENUSPAPER,NIFTY CONSUMPTION,0.8757,Micro Cap
GENUSPOWER,NIFTY ALPHA 50,0.9336,Mid Cap
GEOJITFSL,NIFTY ALPHA 50,0.8678,Small Cap
GESHIP,NIFTY CPSE,0.7545,Mid Cap
GICHSGFIN,NIFTY INDIA MFG,0.8474,Small Cap
GILLANDERS,NIFTY ALPHA 50,0.8955,Micro Cap
GILLETTE,NIFTY INDIA MFG,0.7681,Large Cap
GILT5YBEES,NIFTY IND DIGITAL,0.8495,Unknown
GINNIFILA,NIFTY ALPHA 50,0.9429,Micro Cap
GKWLIMITED,Unassigned,0.3856,Small Cap
GLENMARK,NIFTY HEALTHCARE,0.8589,Large Cap
GLOBALVECT,Unassigned,0.387,Micro Cap
GLOBE,NIFTY INDIA MFG,0.7133,Micro Cap
GLOBUSSPR,NIFTY ALPHA 50,0.9376,Small Cap
GMBREW,NIFTY ALPHA 50,0.9042,Small Cap
GMDCLTD,NIFTY CPSE,0.8044,Mid Cap
GMMPFAUDLR,NIFTY GS COMPSITE,0.8595,Mid Cap
GNA,NIFTY 500,0.9093,Small Cap
GOCLCORP,NIFTY IND DIGITAL,0.8324,Small Cap
GODHA,NIFTY IND DIGITAL,0.6884,Micro Cap
GODREJCP,NIFTY FMCG,0.9005,Large Cap
GOKEX,NIFTY INFRA,0.856,Mid Cap
GOKUL,NIFTY ALPHA 50,0.9111,Micro Cap
GOLDBEES,NIFTY FMCG,0.8107,Unknown
GOLDIAM,NIFTY ALPHA 50,0.9525,Small Cap
GOLDSHARE,NIFTY FMCG,0.8062,Unknown
GOODYEAR,NIFTY LARGEMID250,0.5538,Small Cap
GPTINFRA,NIFTY CPSE,0.8894,Small Cap
GRASIM,NIFTY 500,0.9793,Large Cap
GREAVESCOT,NIFTY INDIA MFG,0.8508,Small Cap
GREENPANEL,NIFTY ENERGY,0.9606,Small Cap
GRINDWELL,NIFTY INFRA,0.9362,Mid Cap
GRMOVER,NIFTY IND DIGITAL,0.8412,Small Cap
GROBTEA,NIFTY 500,0.8495,Micro Cap
GRPLTD,NIFTY CPSE,0.7688,Small Cap
GRWRHITECH,NIFTY IND DIGITAL,0.7374,Mid Cap
GSPL,NIFTY FIN SERVICE,0.908,Mid Cap
GTLINFRA,NIFTY ALPHA 50,0.8062,Small Cap
GUJALKALI,NIFTY INDIA MFG,0.9058,Small Cap
GUJAPOLLO,NIFTY CONSUMPTION,0.8355,Small Cap
GUJGASLTD,NIFTY IT,0.9276,Large Cap
GULFPETRO,NIFTY IND DIGITAL,0.7649,Micro Cap
GULPOLY,NIFTY ALPHA 50,0.9534,Small Cap
HAPPSTMNDS,NIFTY IND DIGITAL,0.9133,Mid Cap
HARDWYN,NIFTY FMCG,0.8502,Small Cap
HATHWAY,NIFTY INDIA MFG,0.7586,Small Cap
HATSUN,NIFTY 100,0.9618,Large Cap
HAVELLS,NIFTY 50,0.9815,Large Cap
HBANKETF,NIFTY BANK,0.9993,Unknown
HCC,NIFTY CPSE,0.8587,Small Cap
HCG,NIFTY ALPHA 50,0.9427,Mid Cap
HDFC,NIFTY FIN SERVICE,0.9724,Unknown
HDFCBANK,NIFTY FIN SERVICE,0.977,Large Cap
HDFCLIFE,NIFTY INDIA MFG,0.8644,Large Cap
HDFCMFGETF,NIFTY FMCG,0.813,Unknown
HDFCNEXT50,NIFTY LARGEMID250,0.8743,Unknown
HDFCSENETF,NIFTY 500,0.9968,Unknown
HDFCSILVER,NIFTY HEALTHCARE,0.6977,Unknown
HEALTHY,NIFTY HEALTHCARE,0.9868,Unknown
HECPROJECT,NIFTY IT,0.7769,Micro Cap
HEMIPROP,NIFTY INDIA MFG,0.8406,Small Cap
HERCULES,NIFTY 500,0.9148,Small Cap
HESTERBIO,NIFTY FIN SERVICE,0.9438,Small Cap
HGINFRA,NIFTY INFRA,0.942,Mid Cap
HIL,NIFTY 100,0.938,Unknown
HINDALCO,NIFTY ALPHA 50,0.9662,Large Cap
HINDCOPPER,NIFTY INDIA MFG,0.9342,Large Cap
HINDMOTORS,NIFTY CPSE,0.7622,Micro Cap
HINDUNILVR,NIFTY FMCG,0.9373,Large Cap
HINDWAREAP,NIFTY COMMODITIES,0.9595,Small Cap
HINDZINC,NIFTY 500,0.9172,Large Cap
HISARMETAL,NIFTY 500,0.9139,Micro Cap
HITECH,NIFTY COMMODITIES,0.97,Small Cap
HITECHCORP,NIFTY ALPHA 50,0.9498,Micro Cap
HITECHGEAR,NIFTY LARGEMID250,0.8609,Small Cap
HLVLTD,NIFTY CPSE,0.8778,Small Cap
HMVL,NIFTY INDIA MFG,0.8305,Micro Cap
HNDFDS,NIFTY 500,0.9102,Mid Cap
HNGSNGBEES,NIFTY INDIA MFG,0.6659,Unknown
HOMEFIRST,NIFTY ENERGY,0.8557,Mid Cap
HONAUT,NIFTY FIN SERVICE,0.9426,Large Cap
HOVS,NIFTY LARGEMID250,0.7751,Unknown
HSCL,NIFTY CONSR DURBL,0.5684,Large Cap
HUHTAMAKI,NIFTY HEALTHCARE,0.7459,Small Cap
IBREALEST,NIFTY IND DIGITAL,0.7617,Unknown
ICICI500,NIFTY 500,0.9986,Unknown
ICICIAUTO,NIFTY AUTO,0.9991,Unknown
ICICIB22,NIFTY CPSE,0.9794,Unknown
ICICIBANK,NIFTY 50,0.9693,Large Cap
ICICIBANKN,NIFTY BANK,0.9996,Unknown
ICICIBANKP,NIFTY BANK,0.9821,Unknown
ICICICONSU,NIFTY CONSUMPTION,0.9955,Unknown
ICICIGOLD,NIFTY FMCG,0.8043,Unknown
ICICILOVOL,NIFTY 50,0.9925,Unknown
ICICIMOM30,NIFTY LARGEMID250,0.937,Unknown
ICICINF100,NIFTY 500,0.9964,Unknown
ICICINIFTY,NIFTY 500,0.9987,Unknown
ICICIPHARM,NIFTY HEALTHCARE,0.9905,Unknown
ICICISILVE,NIFTY IT,0.8444,Unknown
ICICITECH,NIFTY IT,0.9989,Unknown
IDBI,NIFTY LARGEMID250,0.9134,Large Cap
IDBIGOLD,NIFTY FMCG,0.8271,Unknown
IDFCFIRSTB,NIFTY 500,0.5974,Large Cap
IEX,NIFTY ALPHA 50,0.9509,Mid Cap
IFBAGRO,NIFTY LARGEMID250,0.9536,Small Cap
IFBIND,NIFTY LARGEMID250,0.9407,Mid Cap
IFCI,NIFTY ALPHA 50,0.8609,Mid Cap
IGARASHI,NIFTY ALPHA 50,0.7841,Small Cap
IGL,NIFTY FIN SERVICE,0.8582,Large Cap
IIFL,NIFTY 500,0.9195,Large Cap
IIFLWAM,NIFTY CPSE,0.9079,Unknown
IMPAL,NIFTY 500,0.9058,Small Cap
IMPEXFERRO,NIFTY INFRA,0.6769,Micro Cap
INCREDIBLE,NIFTY INDIA MFG,0.8111,Micro Cap
INDBANK,NIFTY ALPHA 50,0.9224,Micro Cap
INDIACEM,NIFTY ALPHA 50,0.9149,Mid Cap
INDIANB,NIFTY CPSE,0.8019,Large Cap
INDIGO,NIFTY FIN SERVICE,0.9101,Large Cap
INDOAMIN,NIFTY INFRA,0.878,Small Cap
INDOBORAX,NIFTY COMMODITIES,0.9131,Small Cap
INDORAMA,NIFTY ALPHA 50,0.9022,Small Cap
INDOTECH,NIFTY ALPHA 50,0.8455,Small Cap
INDRAMEDCO,NIFTY ALPHA 50,0.8334,Small Cap
INDTERRAIN,NIFTY CPSE,0.5671,Micro Cap
INDUSINDBK,NIFTY CPSE,0.4453,Large Cap
INEOSSTYRO,NIFTY INDIA MFG,0.826,Unknown
INFIBEAM,NIFTY IND DIGITAL,0.8791,Mid Cap
INFRABEES,NIFTY 500,0.9906,Unknown
INFY,NIFTY IT,0.9938,Large Cap
INGERRAND,NIFTY CPSE,0.8085,Mid Cap
INOXWIND,NIFTY ALPHA 50,0.9365,Large Cap
INSECTICID,NIFTY AUTO,0.785,Small Cap
INTENTECH,NIFTY ALPHA 50,0.8972,Micro Cap
INTLCONV,NIFTY ALPHA 50,0.8459,Small Cap
INVENTURE,NIFTY IT,0.8508,Micro Cap
IOC,NIFTY IND DIGITAL,0.8839,Large Cap
IONEXCHANG,NIFTY CONSUMPTION,0.729,Small Cap
IRB,NIFTY ALPHA 50,0.9167,Large Cap
IRFC,NIFTY IND DIGITAL,0.8751,Large Cap
ISEC,NIFTY IT,0.8587,Large Cap
ISGEC,Unassigned,0.3886,Mid Cap
ISMTLTD,NIFTY ALPHA 50,0.8645,Unknown
ITBEES,NIFTY IT,0.9992,Unknown
ITC,NIFTY CPSE,0.7529,Large Cap
ITDC,NIFTY 500,0.8395,Mid Cap
ITDCEM,NIFTY 500,0.7262,Unknown
ITI,NIFTY IND DIGITAL,0.7845,Large Cap
IVC,NIFTY ALPHA 50,0.8994,Micro Cap
IVP,NIFTY 500,0.8353,Micro Cap
IVZINGOLD,NIFTY FMCG,0.8295,Unknown
IVZINNIFTY,NIFTY 500,0.9974,Unknown
IWEL,NIFTY HEALTHCARE,0.8123,Mid Cap
IZMO,NIFTY ALPHA 50,0.8871,Small Cap
J&KBANK,NIFTY LARGEMID250,0.9182,Mid Cap
JAGRAN,NIFTY CONSR DURBL,0.6881,Small Cap
JAGSNPHARM,NIFTY LARGEMID250,0.8891,Small Cap
JAIBALAJI,NIFTY IT,0.9322,Mid Cap
JAICORPLTD,NIFTY CONSUMPTION,0.8479,Small Cap
JAIPURKURT,NIFTY HEALTHCARE,0.6425,Micro Cap
JAMNAAUTO,NIFTY 500,0.948,Small Cap
JASH,NIFTY ENERGY,0.9016,Small Cap
JAYAGROGN,NIFTY 500,0.8824,Small Cap
JAYBARMARU,NIFTY 500,0.8785,Small Cap
JAYNECOIND,NIFTY ALPHA 50,0.919,Mid Cap
JAYSREETEA,NIFTY ALPHA 50,0.9348,Micro Cap
JBCHEPHARM,NIFTY ALPHA 50,0.9536,Large Cap
JBFIND,NIFTY INDIA MFG,0.6368,Micro Cap
JBMA,NIFTY INFRA,0.8564,Mid Cap
JCHAC,NIFTY INDIA MFG,0.7905,Small Cap
JETFREIGHT,NIFTY IT,0.6505,Micro Cap
JHS,NIFTY 500,0.8484,Micro Cap
JINDALPHOT,NIFTY ALPHA 50,0.8187,Small Cap
JINDALPOLY,NIFTY ALPHA 50,0.9718,Small Cap
JINDALSTEL,NIFTY ALPHA 50,0.9529,Large Cap
JISLDVREQS,NIFTY ALPHA 50,0.869,Small Cap
JKIL,NIFTY CPSE,0.7776,Small Cap
JKLAKSHMI,NIFTY 500,0.8705,Mid Cap
JKPAPER,NIFTY ENERGY,0.9261,Mid Cap
JKTYRE,NIFTY 500,0.9278,Mid Cap
JMA,NIFTY ALPHA 50,0.9393,Micro Cap
JMCPROJECT,NIFTY LARGEMID250,0.87,Unknown
JMFINANCIL,NIFTY AUTO,0.4933,Mid Cap
JOCIL,NIFTY IND DIGITAL,0.8141,Micro Cap
JPASSOCIAT,NIFTY ALPHA 50,0.9181,Small Cap
JPPOWER,NIFTY ALPHA 50,0.8957,Mid Cap
JSLHISAR,NIFTY ALPHA 50,0.9633,Unknown
JSWENERGY,NIFTY ALPHA 50,0.9216,Large Cap
JSWSTEEL,NIFTY 100,0.9575,Large Cap
JTLINFRA,NIFTY HEALTHCARE,0.8218,Unknown
JUBLFOOD,NIFTY IT,0.9574,Large Cap
JUBLINGREA,NIFTY FIN SERVICE,0.6971,Mid Cap
JUBLPHARMA,Unassigned,0.3426,Mid Cap
JUNIORBEES,NIFTY 500,0.9956,Unknown
JUSTDIAL,NIFTY IND DIGITAL,0.8594,Mid Cap
JYOTHYLAB,NIFTY IND DIGITAL,0.6507,Mid Cap
KABRAEXTRU,NIFTY ALPHA 50,0.8972,Small Cap
KAKATCEM,NIFTY CONSUMPTION,0.8373,Micro Cap
KANANIIND,NIFTY IND DIGITAL,0.6865,Micro Cap
KANSAINER,NIFTY IND DIGITAL,0.7455,Mid Cap
KARURVYSYA,NIFTY CPSE,0.6177,Large Cap
KAUSHALYA,NIFTY ALPHA 50,0.8528,Micro Cap
KAVVERITEL,NIFTY HEALTHCARE,0.6446,Unknown
KAYA,NIFTY CPSE,0.6647,Small Cap
KCP,NIFTY 500,0.904,Small Cap
KCPSUGIND,NIFTY ALPHA 50,0.9076,Micro Cap
KDDL,NIFTY CPSE,0.8922,Small Cap
KEC,NIFTY CONSUMPTION,0.9244,Mid Cap
KECL,NIFTY IND DIGITAL,0.8571,Small Cap
KELLTONTEC,NIFTY IND DIGITAL,0.8706,Small Cap
KESORAMIND,NIFTY 500,0.7489,Micro Cap
KHADIM,NIFTY CPSE,0.833,Micro Cap
KHANDSE,NIFTY CPSE,0.8022,Micro Cap
KILITCH,NIFTY FMCG,0.8282,Small Cap
KIMS,NIFTY HEALTHCARE,0.8368,Large Cap
KIRIINDUS,NIFTY FMCG,0.7492,Small Cap
KIRLOSBROS,NIFTY 500,0.8767,Mid Cap
KIRLOSENG,NIFTY 500,0.6259,Mid Cap
KIRLOSIND,NIFTY 500,0.9278,Small Cap
KITEX,NIFTY IND DIGITAL,0.8743,Small Cap
KKCL,NIFTY INDIA MFG,0.7048,Small Cap
KMSUGAR,NIFTY ALPHA 50,0.9253,Micro Cap
KNRCON,NIFTY ALPHA 50,0.9663,Small Cap
KOHINOOR,NIFTY INDIA MFG,0.7922,Micro Cap
KOKUYOCMLN,NIFTY INDIA MFG,0.8171,Small Cap
KOLTEPATIL,NIFTY 500,0.8155,Small Cap
KOPRAN,NIFTY ALPHA 50,0.9612,Small Cap
KOTAKALPHA,NIFTY ALPHA 50,0.9929,Unknown
KOTAKBANK,NIFTY FIN SERVICE,0.9682,Large Cap
KOTAKBKETF,NIFTY BANK,0.986,Unknown
KOTAKCONS,NIFTY CONSUMPTION,0.7021,Unknown
KOTAKGOLD,NIFTY GS COMPSITE,0.7203,Unknown
KOTAKIT,NIFTY IT,0.9971,Unknown
KOTAKLOVOL,NIFTY FIN SERVICE,0.9007,Unknown
KOTAKMID50,NIFTY 500,0.9494,Unknown
KOTAKMNC,NIFTY CONSR DURBL,0.5272,Unknown
KOTAKNIFTY,NIFTY LARGEMID250,0.9835,Unknown
KOTAKNV20,NIFTY 500,0.9934,Unknown
KOTARISUG,NIFTY CONSUMPTION,0.9237,Micro Cap
KOTHARIPET,NIFTY LARGEMID250,0.8955,Small Cap
KOTHARIPRO,NIFTY CPSE,0.8001,Micro Cap
KOVAI,NIFTY IT,0.7471,Small Cap
KPITTECH,NIFTY ENERGY,0.9384,Large Cap
KPRMILL,NIFTY ALPHA 50,0.9318,Large Cap
KRBL,NIFTY HEALTHCARE,0.5332,Mid Cap
KREBSBIO,NIFTY ALPHA 50,0.8576,Micro Cap
KRIDHANINF,NIFTY LARGEMID250,0.6513,Micro Cap
KRISHANA,NIFTY ENERGY,0.9133,Small Cap
KRITI,NIFTY ALPHA 50,0.8599,Micro Cap
KRITIKA,NIFTY LARGEMID250,0.8705,Micro Cap
KRSNAA,NIFTY IND DIGITAL,0.6376,Small Cap
KSB,NIFTY INFRA,0.8776,Mid Cap
KSCL,NIFTY LARGEMID250,0.8558,Mid Cap
KSL,NIFTY CONSUMPTION,0.8814,Small Cap
KTKBANK,NIFTY CPSE,0.7011,Mid Cap
L&TFH,NIFTY LARGEMID250,0.9432,Unknown
LAGNAM,NIFTY INDIA MFG,0.872,Micro Cap
LAMBODHARA,NIFTY ALPHA 50,0.947,Micro Cap
LANCER,NIFTY FMCG,0.8523,Small Cap
LAOPALA,NIFTY ALPHA 50,0.9326,Small Cap
LATENTVIEW,NIFTY LARGEMID250,0.915,Mid Cap
LAXMIMACH,NIFTY 500,0.9366,Unknown
LEMONTREE,NIFTY CPSE,0.8176,Mid Cap
LGBBROSLTD,NIFTY 500,0.8632,Mid Cap
LIBAS,NIFTY LARGEMID250,0.4598,Micro Cap
LIBERTSHOE,NIFTY HEALTHCARE,0.8595,Small Cap
LICHSGFIN,NIFTY LARGEMID250,0.908,Large Cap
LICI,NIFTY INDIA MFG,0.7305,Large Cap
LICNETFGSC,NIFTY GS COMPSITE,0.7834,Unknown
LICNETFN50,NIFTY 50,0.9893,Unknown
LICNETFSEN,NIFTY 50,0.9857,Unknown
LICNFNHGP,NIFTY 500,0.9907,Unknown
LIKHITHA,NIFTY COMMODITIES,0.6919,Small Cap
LINC,NIFTY CPSE,0.7933,Small Cap
LINCOLN,NIFTY ALPHA 50,0.9364,Small Cap
LINDEINDIA,NIFTY INFRA,0.9221,Large Cap
LIQUIDBEES,Unassigned,0.1793,Unknown
LIQUIDETF,Unassigned,0.0066,Unknown
LODHA,NIFTY INFRA,0.828,Large Cap
LOVABLE,NIFTY ALPHA 50,0.9263,Micro Cap
LSIL,NIFTY CPSE,0.8005,Unknown
LTI,NIFTY IT,0.9901,Unknown
LTTS,NIFTY IT,0.9739,Large Cap
LUMAXTECH,NIFTY CONSUMPTION,0.8651,Mid Cap
LUXIND,NIFTY LARGEMID250,0.9087,Small Cap
LXCHEM,NIFTY ALPHA 50,0.842,Mid Cap
LYKALABS,NIFTY ALPHA 50,0.8533,Micro Cap
LYPSAGEMS,NIFTY CPSE,0.6922,Micro Cap
M&MFIN,NIFTY LARGEMID250,0.9544,Large Cap
MACPOWER,NIFTY CONSUMPTION,0.8799,Small Cap
MADHAV,NIFTY 500,0.8387,Micro Cap
MADRASFERT,NIFTY CONSUMPTION,0.8399,Small Cap
MAESGETF,NIFTY 50,0.9946,Unknown
MAFANG,NIFTY IND DIGITAL,0.7654,Unknown
MAGADSUGAR,NIFTY ALPHA 50,0.8887,Small Cap
MAGNUM,NIFTY CONSUMPTION,0.8934,Micro Cap
MAHABANK,NIFTY LARGEMID250,0.928,Large Cap
MAHASTEEL,NIFTY LARGEMID250,0.5058,Small Cap
MAHESHWARI,Unassigned,0.2666,Micro Cap
MAHINDCIE,NIFTY 500,0.8583,Unknown
MAHKTECH,NIFTY IND DIGITAL,0.7078,Unknown
MAHLIFE,NIFTY CPSE,0.8514,Mid Cap
MAHLOG,NIFTY 500,0.8441,Small Cap
MAHSCOOTER,NIFTY FIN SERVICE,0.9085,Mid Cap
MAHSEAMLES,NIFTY INDIA MFG,0.84,Mid Cap
MALLCOM,NIFTY IND DIGITAL,0.7762,Small Cap
MALUPAPER,NIFTY INDIA MFG,0.837,Micro Cap
MAMFGETF,NIFTY INDIA MFG,0.9973,Unknown
MANAKALUCO,NIFTY ALPHA 50,0.937,Micro Cap
MANAKSIA,NIFTY ALPHA 50,0.9108,Micro Cap
MANAPPURAM,NIFTY IND DIGITAL,0.8936,Large Cap
MANGCHEFER,NIFTY 500,0.8389,Small Cap
MANINDS,NIFTY 500,0.8794,Small Cap
MANINFRA,NIFTY ALPHA 50,0.8972,Mid Cap
MANORAMA,NIFTY CONSUMPTION,0.83,Mid Cap
MANORG,NIFTY IT,0.9249,Micro Cap
MANUGRAPH,NIFTY CPSE,0.7873,Micro Cap
MANXT50,NIFTY 500,0.9919,Unknown
MANYAVAR,NIFTY CONSUMPTION,0.9248,Mid Cap
MAPMYINDIA,NIFTY IT,0.7467,Mid Cap
MARALOVER,NIFTY ALPHA 50,0.9247,Micro Cap
MARATHON,NIFTY INDIA MFG,0.8441,Small Cap
MARICO,NIFTY 100,0.959,Large Cap
MARSHALL,NIFTY IT,0.6822,Micro Cap
MARUTI,NIFTY CONSUMPTION,0.8634,Large Cap
MASPTOP50,NIFTY IT,0.8783,Unknown
MATRIMONY,NIFTY IND DIGITAL,0.8003,Small Cap
MAXHEALTH,NIFTY INFRA,0.9461,Large Cap
MAXVIL,NIFTY CONSUMPTION,0.9222,Small Cap
MAYURUNIQ,NIFTY 500,0.9112,Small Cap
MAZDOCK,NIFTY CONSUMPTION,0.8154,Large Cap
MCL,NIFTY HEALTHCARE,0.6673,Micro Cap
MCX,NIFTY INDIA MFG,0.7347,Large Cap
MEDPLUS,NIFTY IT,0.873,Mid Cap
MENONBE,NIFTY 500,0.8629,Small Cap
MEP,NIFTY IND DIGITAL,0.7569,Micro Cap
METROBRAND,NIFTY CONSUMPTION,0.8341,Large Cap
METROPOLIS,NIFTY HEALTHCARE,0.8042,Mid Cap
MFL,NIFTY ENERGY,0.7635,Unknown
MFSL,NIFTY 500,0.8786,Large Cap
MGEL,NIFTY ENERGY,0.8963,Small Cap
MGL,NIFTY LARGEMID250,0.6772,Mid Cap
MHLXMIRU,NIFTY LARGEMID250,0.7293,Micro Cap
MHRIL,NIFTY 500,0.8892,Mid Cap
MIDHANI,NIFTY IT,0.4749,Mid Cap
MINDTECK,NIFTY ALPHA 50,0.8553,Small Cap
MIRCELECTR,NIFTY ALPHA 50,0.8675,Small Cap
MITTAL,INDIA VIX,0.7368,Micro Cap
MMFL,NIFTY 500,0.9328,Small Cap
MMP,NIFTY CPSE,0.9225,Small Cap
MOGSEC,NIFTY GS COMPSITE,0.8604,Unknown
MOIL,NIFTY INDIA MFG,0.8619,Mid Cap
MOKSH,NIFTY IT,0.7592,Micro Cap
MOL,NIFTY LARGEMID250,0.8299,Small Cap
MOLDTECH,NIFTY LARGEMID250,0.9023,Micro Cap
MOLDTKPAC,NIFTY CONSUMPTION,0.945,Small Cap
MOM100,NIFTY 500,0.9934,Unknown
MOMOMENTUM,NIFTY LARGEMID250,0.9519,Unknown
MONQ50,NIFTY IT,0.8268,Unknown
MOQUALITY,NIFTY ENERGY,0.7633,Unknown
MOTHERSON,NIFTY LARGEMID250,0.9167,Large Cap
MOVALUE,NIFTY ENERGY,0.8058,Unknown
MPHASIS,NIFTY IT,0.9797,Large Cap
MRO-TEK,NIFTY CONSUMPTION,0.9289,Unknown
MSPL,NIFTY ALPHA 50,0.7922,Small Cap
MSTCLTD,NIFTY ALPHA 50,0.9306,Small Cap
MSUMI,NIFTY FMCG,0.9438,Large Cap
MTEDUCARE,NIFTY LARGEMID250,0.7632,Micro Cap
MUKANDLTD,NIFTY ALPHA 50,0.9516,Small Cap
MUNJALAU,NIFTY AUTO,0.6465,Small Cap
MUNJALSHOW,NIFTY LARGEMID250,0.8778,Small Cap
MURUDCERA,NIFTY 500,0.9088,Micro Cap
MUTHOOTCAP,Unassigned,0.2774,Micro Cap
MUTHOOTFIN,NIFTY IT,0.9083,Large Cap
NACLIND,NIFTY ALPHA 50,0.9429,Small Cap
NAGREEKCAP,NIFTY ALPHA 50,0.7187,Micro Cap
NAGREEKEXP,NIFTY ALPHA 50,0.8322,Micro Cap
NAHARCAP,NIFTY LARGEMID250,0.8816,Micro Cap
NAHARINDUS,NIFTY LARGEMID250,0.9284,Micro Cap
NAHARPOLY,NIFTY ENERGY,0.8711,Small Cap
NAHARSPING,NIFTY ALPHA 50,0.9204,Small Cap
NAM-INDIA,NIFTY INDIA MFG,0.8385,Large Cap
NATCOPHARM,NIFTY CONSUMPTION,0.6894,Mid Cap
NATHBIOGEN,NIFTY INDIA MFG,0.856,Micro Cap
NATIONALUM,NIFTY ALPHA 50,0.9322,Large Cap
NAUKRI,NIFTY IT,0.9481,Large Cap
NAVA,NIFTY INDIA MFG,0.8843,Mid Cap
NAVINFLUOR,NIFTY ALPHA 50,0.9509,Large Cap
NAVNETEDUL,NIFTY LARGEMID250,0.8807,Small Cap
NBIFIN,NIFTY ALPHA 50,0.831,Small Cap
NDGL,NIFTY ALPHA 50,0.8823,Micro Cap
NDL,NIFTY ALPHA 50,0.8536,Micro Cap
NECLIFE,NIFTY LARGEMID250,0.9224,Micro Cap
NELCO,NIFTY ENERGY,0.9053,Small Cap
NEOGEN,NIFTY ALPHA 50,0.9441,Small Cap
NESTLEIND,NIFTY FMCG,0.9065,Large Cap
NETF,NIFTY LARGEMID250,0.9715,Unknown
NEULANDLAB,NIFTY CONSUMPTION,0.7133,Large Cap
NFL,NIFTY INDIA MFG,0.8893,Small Cap
NH,NIFTY CONSUMPTION,0.9332,Large Cap
NIBL,NIFTY ALPHA 50,0.9152,Micro Cap
NIFTYQLITY,NIFTY IND DIGITAL,0.732,Unknown
NILKAMAL,NIFTY 500,0.9261,Small Cap
NIPPOBATRY,NIFTY ALPHA 50,0.8499,Micro Cap
NITCO,NIFTY INDIA MFG,0.8404,Small Cap
NITINSPIN,NIFTY ALPHA 50,0.9411,Small Cap
NITIRAJ,NIFTY ENERGY,0.7972,Micro Cap
NLCINDIA,NIFTY CPSE,0.8734,Large Cap
NMDC,NIFTY 500,0.761,Large Cap
NOCIL,NIFTY CONSUMPTION,0.9575,Small Cap
NOIDATOLL,NIFTY ALPHA 50,0.8966,Micro Cap
NOVARTIND,NIFTY INDIA MFG,0.8324,Small Cap
NRBBEARING,NIFTY 500,0.8497,Small Cap
NUCLEUS,NIFTY IND DIGITAL,0.8215,Small Cap
NUVOCO,NIFTY FIN SERVICE,0.7455,Mid Cap
NV20BEES,NIFTY 500,0.9912,Unknown
NXTDIGITAL,NIFTY INDIA MFG,0.8615,Unknown
NYKAA,NIFTY IT,0.7531,Large Cap
OAL,NIFTY IT,0.8654,Small Cap
OBCL,NIFTY IT,0.8332,Micro Cap
OBEROIRLTY,NIFTY ENERGY,0.9599,Large Cap
OCCL,NIFTY LARGEMID250,0.5118,Unknown
OFSS,NIFTY IND DIGITAL,0.9056,Large Cap
OLECTRA,NIFTY ENERGY,0.9012,Mid Cap
OMAXAUTO,NIFTY 500,0.652,Micro Cap
OMAXE,NIFTY LARGEMID250,0.8277,Small Cap
OMINFRAL,NIFTY LARGEMID250,0.902,Small Cap
OMKARCHEM,NIFTY ALPHA 50,0.8795,Micro Cap
ONELIFECAP,NIFTY CPSE,0.7455,Micro Cap
ONEPOINT,NIFTY ENERGY,0.8951,Small Cap
ONGC,NIFTY CPSE,0.8725,Large Cap
ONMOBILE,NIFTY ALPHA 50,0.9303,Small Cap
ONWARDTEC,NIFTY ALPHA 50,0.9247,Small Cap
OPTIEMUS,NIFTY ALPHA 50,0.922,Small Cap
ORBTEXP,NIFTY CPSE,0.776,Small Cap
ORICONENT,NIFTY ALPHA 50,0.9166,Small Cap
ORIENTABRA,NIFTY ALPHA 50,0.9051,Unknown
ORIENTBELL,NIFTY COMMODITIES,0.8428,Micro Cap
ORIENTELEC,NIFTY IT,0.9366,Small Cap
ORIENTHOT,NIFTY CPSE,0.8239,Small Cap
ORIENTLTD,Unassigned,0.3234,Micro Cap
ORIENTPPR,NIFTY INDIA MFG,0.8564,Micro Cap
ORTINLAB,Unassigned,0.2936,Unknown
PAGEIND,NIFTY CONSUMPTION,0.9518,Large Cap
PAISALO,NIFTY IT,0.9369,Small Cap
PALREDTEC,NIFTY ALPHA 50,0.8687,Micro Cap
PANACHE,NIFTY IND DIGITAL,0.7765,Small Cap
PANAMAPET,NIFTY 500,0.9516,Small Cap
PANSARI,NIFTY ALPHA 50,0.5926,Small Cap
PAR,NIFTY IND DIGITAL,0.7509,Micro Cap
PARADEEP,NIFTY BANK,0.8982,Mid Cap
PARAS,NIFTY LARGEMID250,0.7461,Mid Cap
PATELENG,NIFTY CPSE,0.8488,Small Cap
PATINTLOG,NIFTY LARGEMID250,0.8187,Micro Cap
PDMJEPAPER,NIFTY 500,0.9493,Small Cap
PEL,NIFTY INDIA MFG,0.8031,Unknown
PETRONET,NIFTY INDIA MFG,0.8591,Large Cap
PFOCUS,NIFTY 500,0.8902,Mid Cap
PGHH,NIFTY FIN SERVICE,0.9678,Large Cap
PGHL,NIFTY FIN SERVICE,0.8612,Mid Cap
PGIL,NIFTY ALPHA 50,0.8497,Mid Cap
PHOENIXLTD,NIFTY ENERGY,0.9531,Large Cap
PILANIINVS,NIFTY 500,0.8624,Mid Cap
PIONEEREMB,NIFTY ALPHA 50,0.8768,Micro Cap
PITTIENG,NIFTY IND DIGITAL,0.8911,Small Cap
PIXTRANS,NIFTY IND DIGITAL,0.8534,Small Cap
PNB,NIFTY LARGEMID250,0.7636,Large Cap
PNBGILTS,NIFTY ALPHA 50,0.9195,Small Cap
PNCINFRA,NIFTY IND DIGITAL,0.9256,Mid Cap
POKARNA,NIFTY ALPHA 50,0.95,Small Cap
POLYMED,NIFTY IT,0.9405,Mid Cap
POLYPLEX,NIFTY ENERGY,0.9362,Small Cap
POONAWALLA,NIFTY ALPHA 50,0.8855,Large Cap
POWERINDIA,NIFTY CPSE,0.9639,Large Cap
PPAP,NIFTY IND DIGITAL,0.8805,Micro Cap
PRAJIND,NIFTY 500,0.9322,Mid Cap
PRAXIS,NIFTY CPSE,0.6996,Micro Cap
PRECAM,NIFTY ALPHA 50,0.8967,Small Cap
PRECOT,NIFTY ALPHA 50,0.953,Small Cap
PREMIERPOL,NIFTY CONSUMPTION,0.9077,Micro Cap
PRICOLLTD,NIFTY CONSUMPTION,0.9427,Mid Cap
PRITI,NIFTY FMCG,0.9373,Micro Cap
PRITIKAUTO,NIFTY IND DIGITAL,0.8265,Micro Cap
PRIVISCL,NIFTY ALPHA 50,0.9392,Mid Cap
PRUDENT,NIFTY INFRA,0.8325,Mid Cap
PSB,NIFTY LARGEMID250,0.8955,Large Cap
PSPPROJECT,NIFTY CPSE,0.7997,Small Cap
PTC,NIFTY 500,0.8989,Small Cap
PUNJABCHEM,NIFTY 50,0.9757,Small Cap
PVP,NIFTY INFRA,0.4299,Small Cap
QNIFTY,NIFTY 500,0.9957,Unknown
QUICKHEAL,NIFTY 500,0.8526,Small Cap
RADAAN,NIFTY LARGEMID250,0.6635,Micro Cap
RADHIKAJWE,NIFTY IND DIGITAL,0.7417,Small Cap
RADICO,NIFTY 100,0.9608,Large Cap
RADIOCITY,NIFTY LARGEMID250,0.7,Micro Cap
RAILTEL,NIFTY HEALTHCARE,0.4805,Mid Cap
RAIN,NIFTY 500,0.9333,Small Cap
RAINBOW,NIFTY BANK,0.8774,Mid Cap
RAJESHEXPO,NIFTY CPSE,0.5025,Mid Cap
RAJMET,NIFTY ENERGY,0.8455,Micro Cap
RAJRATAN,NIFTY FMCG,0.8912,Small Cap
RAJSREESUG,NIFTY ALPHA 50,0.8231,Micro Cap
RAJTV,NIFTY IND DIGITAL,0.7192,Micro Cap
RALLIS,NIFTY LARGEMID250,0.9004,Mid Cap
RAMANEWS,NIFTY LARGEMID250,0.8851,Micro Cap
RAMAPHO,NIFTY ALPHA 50,0.7952,Small Cap
RAMASTEEL,NIFTY INDIA MFG,0.8314,Small Cap
RAMCOCEM,NIFTY FIN SERVICE,0.8274,Large Cap
RAMCOIND,NIFTY LARGEMID250,0.8409,Small Cap
RAMCOSYS,NIFTY IND DIGITAL,0.8144,Small Cap
RAMKY,NIFTY ALPHA 50,0.9146,Small Cap
RAMRAT,NIFTY FMCG,0.886,Small Cap
RANASUG,NIFTY ALPHA 50,0.9276,Micro Cap
RANEENGINE,NIFTY LARGEMID250,0.8403,Micro Cap
RANEHOLDIN,NIFTY LARGEMID250,0.865,Small Cap
RATEGAIN,NIFTY IND DIGITAL,0.8095,Mid Cap
RATNAMANI,NIFTY 50,0.9572,Mid Cap
RAYMOND,NIFTY CPSE,0.787,Small Cap
RBA,NIFTY IND DIGITAL,0.5102,Small Cap
RBL,NIFTY LARGEMID250,0.9042,Small Cap
RBLBANK,NIFTY LARGEMID250,0.9676,Mid Cap
RCF,NIFTY 500,0.9073,Mid Cap
RECLTD,NIFTY LARGEMID250,0.7991,Large Cap
REDINGTON,NIFTY ALPHA 50,0.9611,Large Cap
REFEX,NIFTY 50,0.937,Small Cap
RELAXO,NIFTY IT,0.9636,Mid Cap
RELCHEMQ,NIFTY CONSR DURBL,0.4612,Micro Cap
RELIANCE,NIFTY FMCG,0.9406,Large Cap
RELIGARE,NIFTY ALPHA 50,0.9331,Mid Cap
REMSONSIND,NIFTY CONSUMPTION,0.9493,Micro Cap
RENUKA,NIFTY ALPHA 50,0.8248,Mid Cap
REPCOHOME,NIFTY CONSR DURBL,0.7758,Small Cap
REPL,NIFTY INDIA MFG,0.6843,Micro Cap
REPRO,NIFTY IND DIGITAL,0.871,Small Cap
RESPONIND,NIFTY IT,0.739,Mid Cap
REVATHI,NIFTY 500,0.8604,Unknown
RGL,NIFTY IT,0.933,Small Cap
RHIM,NIFTY ENERGY,0.9534,Mid Cap
RICOAUTO,NIFTY CPSE,0.6162,Small Cap
RIIL,NIFTY ALPHA 50,0.861,Small Cap
RITES,NIFTY HEALTHCARE,0.88,Mid Cap
RKDL,NIFTY CONSUMPTION,0.8616,Micro Cap
RKEC,NIFTY LARGEMID250,0.6555,Micro Cap
RKFORGE,NIFTY 500,0.9633,Mid Cap
RML,NIFTY 500,0.8688,Small Cap
ROHLTD,NIFTY AUTO,0.7212,Small Cap
ROLEXRINGS,NIFTY AUTO,0.861,Small Cap
ROLLT,NIFTY LARGEMID250,0.6672,Micro Cap
ROSSARI,NIFTY LARGEMID250,0.7807,Small Cap
ROSSELLIND,NIFTY LARGEMID250,0.7674,Micro Cap
ROTO,NIFTY LARGEMID250,0.7873,Small Cap
ROUTE,NIFTY IND DIGITAL,0.8823,Small Cap
RPGLIFE,NIFTY CONSUMPTION,0.9626,Small Cap
RPPINFRA,NIFTY LARGEMID250,0.8039,Small Cap
RPPL,NIFTY 500,0.6167,Micro Cap
RPSGVENT,NIFTY 500,0.8643,Small Cap
RSSOFTWARE,NIFTY LARGEMID250,0.8887,Micro Cap
RSWM,NIFTY ALPHA 50,0.9436,Small Cap
RSYSTEMS,NIFTY ALPHA 50,0.9226,Small Cap
RTNINDIA,NIFTY INFRA,0.9041,Mid Cap
RTNPOWER,NIFTY ALPHA 50,0.8464,Mid Cap
RUBYMILLS,NIFTY LARGEMID250,0.8144,Small Cap
RUCHIRA,NIFTY IND DIGITAL,0.8607,Micro Cap
RUPA,NIFTY ALPHA 50,0.9321,Small Cap
RUSHIL,NIFTY INDIA MFG,0.8642,Small Cap
RVHL,NIFTY IT,0.5672,Micro Cap
RVNL,NIFTY 500,0.9199,Large Cap
SABEVENTS,NIFTY IND DIGITAL,0.8723,Micro Cap
SADBHIN,NIFTY LARGEMID250,0.8839,Micro Cap
SAGARDEEP,NIFTY LARGEMID250,0.7716,Micro Cap
SAGCEM,NIFTY COMMODITIES,0.9247,Small Cap
SAIL,NIFTY INDIA MFG,0.9646,Large Cap
SAKAR,NIFTY FMCG,0.9179,Small Cap
SAKHTISUG,NIFTY ALPHA 50,0.8166,Micro Cap
SAKSOFT,NIFTY ALPHA 50,0.9259,Small Cap
SALASAR,NIFTY 500,0.9025,Small Cap
SALSTEEL,NIFTY COMMODITIES,0.8859,Micro Cap
SALZERELEC,NIFTY CONSUMPTION,0.8939,Small Cap
SANDESH,NIFTY INDIA MFG,0.8936,Small Cap
SANDHAR,NIFTY LARGEMID250,0.5457,Small Cap
SANGAMIND,NIFTY ALPHA 50,0.8819,Small Cap
SANGHVIMOV,NIFTY ALPHA 50,0.9039,Small Cap
SANGINITA,NIFTY IND DIGITAL,0.8077,Micro Cap
SANOFI,NIFTY INDIA MFG,0.8104,Mid Cap
SANSERA,NIFTY LARGEMID250,0.7668,Mid Cap
SAPPHIRE,NIFTY BANK,0.7425,Mid Cap
SARDAEN,NIFTY ALPHA 50,0.9454,Mid Cap
SAREGAMA,NIFTY ALPHA 50,0.9631,Mid Cap
SARLAPOLY,NIFTY ALPHA 50,0.9396,Small Cap
SASKEN,NIFTY CONSUMPTION,0.8672,Small Cap
SASTASUNDR,NIFTY ALPHA 50,0.9288,Small Cap
SATIA,NIFTY ENERGY,0.5996,Small Cap
SATIN,NIFTY LARGEMID250,0.819,Small Cap
SBC,NIFTY BANK,0.7551,Small Cap
SBCL,NIFTY HEALTHCARE,0.8688,Small Cap
SBICARD,NIFTY LARGEMID250,0.8725,Large Cap
SBIETFCON,NIFTY CONSUMPTION,0.9967,Unknown
SBIETFIT,NIFTY IT,0.9984,Unknown
SBIETFPB,NIFTY BANK,0.9538,Unknown
SBIETFQLTY,NIFTY 500,0.989,Unknown
SBILIFE,NIFTY 500,0.9087,Large Cap
SBIN,NIFTY INFRA,0.9331,Large Cap
SCAPDVR,NIFTY CONSUMPTION,0.8846,Unknown
SCHAEFFLER,NIFTY ENERGY,0.8101,Large Cap
SCHAND,NIFTY INDIA MFG,0.8949,Small Cap
SCHNEIDER,NIFTY 500,0.8038,Mid Cap
SCI,NIFTY ALPHA 50,0.9497,Mid Cap
SDBL,NIFTY HEALTHCARE,0.8376,Small Cap
SDL24BEES,NIFTY CPSE,0.9003,Unknown
SDL26BEES,NIFTY INFRA,0.7147,Unknown
SEAMECLTD,NIFTY ENERGY,0.9334,Small Cap
SECURKLOUD,NIFTY ALPHA 50,0.622,Micro Cap
SELAN,NIFTY CPSE,0.798,Unknown
SEPC,NIFTY CPSE,0.7692,Small Cap
SEPOWER,NIFTY ALPHA 50,0.7396,Unknown
SEQUENT,NIFTY IND DIGITAL,0.8129,Mid Cap
SESHAPAPER,NIFTY INDIA MFG,0.8211,Small Cap
SETCO,NIFTY LARGEMID250,0.7407,Micro Cap
SETF10GILT,NIFTY IT,0.7292,Unknown
SETFGOLD,NIFTY FMCG,0.812,Unknown
SETFNIFBK,NIFTY BANK,0.9598,Unknown
SETUINFRA,NIFTY IND DIGITAL,0.7374,Micro Cap
SFL,NIFTY ALPHA 50,0.9375,Mid Cap
SGIL,NIFTY IND DIGITAL,0.6245,Small Cap
SGL,NIFTY CONSUMPTION,0.8175,Micro Cap
SHAHALLOYS,NIFTY ENERGY,0.865,Micro Cap
SHAILY,NIFTY LARGEMID250,0.7515,Mid Cap
SHAKTIPUMP,NIFTY 500,0.871,Mid Cap
SHALBY,NIFTY 500,0.8056,Small Cap
SHALPAINTS,NIFTY CPSE,0.8111,Small Cap
SHANKARA,NIFTY CPSE,0.8562,Micro Cap
SHANTI,Unassigned,0.3858,Micro Cap
SHANTIGEAR,NIFTY INFRA,0.7936,Small Cap
SHARDACROP,NIFTY IND DIGITAL,0.8108,Mid Cap
SHARDAMOTR,NIFTY ALPHA 50,0.9372,Mid Cap
SHAREINDIA,NIFTY ENERGY,0.9565,Small Cap
SHARIABEES,NIFTY ALPHA 50,0.971,Unknown
SHEMAROO,NIFTY CPSE,0.449,Micro Cap
SHILPAMED,NIFTY LARGEMID250,0.7432,Mid Cap
SHIVAMAUTO,NIFTY CPSE,0.8518,Micro Cap
SHK,NIFTY 500,0.8557,Small Cap
SHOPERSTOP,NIFTY CPSE,0.7726,Small Cap
SHREDIGCEM,NIFTY LARGEMID250,0.9203,Small Cap
SHREECEM,NIFTY FIN SERVICE,0.887,Large Cap
SHRENIK,NIFTY LARGEMID250,0.8239,Micro Cap
SHREYANIND,NIFTY INDIA MFG,0.8411,Micro Cap
SHREYAS,NIFTY ALPHA 50,0.8532,Unknown
SHRIRAMCIT,NIFTY LARGEMID250,0.899,Unknown
SHRIRAMPPS,NIFTY LARGEMID250,0.9247,Small Cap
SHYAMCENT,NIFTY CPSE,0.7927,Micro Cap
SHYAMMETL,NIFTY LARGEMID250,0.7532,Large Cap
SIEMENS,NIFTY 500,0.9386,Large Cap
SIGACHI,NIFTY INDIA MFG,0.8681,Small Cap
SIGIND,NIFTY 500,0.8566,Micro Cap
SIKKO,NIFTY CONSUMPTION,0.7599,Micro Cap
SILGO,NIFTY LARGEMID250,0.5312,Micro Cap
SILINV,NIFTY ALPHA 50,0.9506,Small Cap
SILLYMONKS,NIFTY HEALTHCARE,0.4797,Micro Cap
SILVER,NIFTY IT,0.8583,Unknown
SILVERBEES,NIFTY IT,0.8563,Unknown
SIMBHALS,NIFTY ALPHA 50,0.7789,Micro Cap
SIMPLEXINF,NIFTY INDIA MFG,0.7779,Small Cap
SINTERCOM,NIFTY ALPHA 50,0.5359,Micro Cap
SIRCA,NIFTY ENERGY,0.9198,Small Cap
SIS,NIFTY IND DIGITAL,0.7994,Small Cap
SITINET,NIFTY LARGEMID250,0.8446,Micro Cap
SIYSIL,NIFTY CPSE,0.8761,Small Cap
SJS,NIFTY IND DIGITAL,0.7128,Mid Cap
SJVN,NIFTY 500,0.896,Large Cap
SKIPPER,NIFTY 500,0.7901,Mid Cap
SMCGLOBAL,NIFTY IND DIGITAL,0.7012,Small Cap
SMLT,NIFTY CONSUMPTION,0.8162,Micro Cap
SMSLIFE,NIFTY ALPHA 50,0.8969,Micro Cap
SMSPHARMA,NIFTY 500,0.6894,Small Cap
SNOWMAN,NIFTY LARGEMID250,0.6162,Small Cap
SOFTTECH,NIFTY CONSUMPTION,0.7763,Micro Cap
SOMANYCERA,NIFTY 500,0.9402,Small Cap
SONACOMS,NIFTY INDIA MFG,0.8275,Large Cap
SONATSOFTW,NIFTY IT,0.9647,Mid Cap
SOTL,NIFTY CONSUMPTION,0.8158,Small Cap
SPAL,NIFTY CPSE,0.9246,Small Cap
SPARC,NIFTY ALPHA 50,0.9086,Small Cap
SPECIALITY,NIFTY CPSE,0.8304,Small Cap
SPENCERS,NIFTY INDIA MFG,0.801,Micro Cap
SPIC,NIFTY ALPHA 50,0.929,Small Cap
SPICEJET,NIFTY INDIA MFG,0.8212,Small Cap
SPLIL,NIFTY 500,0.8629,Micro Cap
SPLPETRO,NIFTY IND DIGITAL,0.818,Mid Cap
SPMLINFRA,NIFTY CPSE,0.7618,Small Cap
SPORTKING,NIFTY ENERGY,0.8138,Small Cap
SRF,NIFTY ALPHA 50,0.9533,Large Cap
SRHHYPOLTD,NIFTY ENERGY,0.8956,Small Cap
STARHEALTH,NIFTY IND DIGITAL,0.729,Large Cap
STARPAPER,NIFTY CONSUMPTION,0.8755,Micro Cap
STARTECK,NIFTY ENERGY,0.6592,Micro Cap
STCINDIA,NIFTY 500,0.7168,Small Cap
STEELCAS,NIFTY FMCG,0.9289,Small Cap
STEELCITY,NIFTY COMMODITIES,0.8876,Micro Cap
STEL,NIFTY CONSUMPTION,0.9134,Small Cap
STOVEKRAFT,NIFTY IT,0.8284,Small Cap
STYLAMIND,NIFTY INDIA MFG,0.6776,Small Cap
SUBCAPCITY,NIFTY FMCG,0.8031,Unknown
SUBEXLTD,NIFTY INDIA MFG,0.8412,Small Cap
SUBROS,NIFTY CONSUMPTION,0.9156,Mid Cap
SUDARSCHEM,NIFTY IND DIGITAL,0.8798,Mid Cap
SUMEETINDS,NIFTY ALPHA 50,0.9079,Small Cap
SUMICHEM,NIFTY FMCG,0.9268,Large Cap
SUMMITSEC,NIFTY 500,0.9183,Small Cap
SUNCLAYLTD,NIFTY 500,0.9344,Unknown
SUNDARAM,NIFTY ALPHA 50,0.7893,Micro Cap
SUNDARMFIN,NIFTY INFRA,0.8545,Large Cap
SUNDRMBRAK,NIFTY 500,0.881,Micro Cap
SUNDRMFAST,NIFTY 500,0.9809,Mid Cap
SUNFLAG,NIFTY CONSUMPTION,0.9183,Small Cap
SUNPHARMA,NIFTY ALPHA 50,0.9538,Large Cap
SUNTV,NIFTY 500,0.659,Large Cap
SUPRAJIT,NIFTY 500,0.953,Mid Cap
SUPREMEIND,NIFTY 100,0.9575,Large Cap
SURANASOL,NIFTY ALPHA 50,0.8387,Micro Cap
SURANAT&P,NIFTY ALPHA 50,0.8297,Micro Cap
SURYALAXMI,NIFTY ALPHA 50,0.9479,Micro Cap
SURYAROSNI,NIFTY 500,0.9174,Mid Cap
SURYODAY,NIFTY LARGEMID250,0.8707,Small Cap
SUTLEJTEX,NIFTY ALPHA 50,0.9553,Small Cap
SUULD,NIFTY HEALTHCARE,0.5756,Micro Cap
SUVEN,NIFTY LARGEMID250,0.7617,Small Cap
SUVENPHAR,NIFTY 50,0.904,Unknown
SUVIDHAA,NIFTY LARGEMID250,0.8604,Micro Cap
SUZLON,NIFTY ALPHA 50,0.8985,Large Cap
SWANENERGY,NIFTY CONSUMPTION,0.7944,Unknown
SWSOLAR,NIFTY CPSE,0.4801,Mid Cap
SYNGENE,NIFTY IT,0.9259,Large Cap
SYRMA,NIFTY INDIA MFG,0.7861,Mid Cap
TAJGVK,NIFTY HEALTHCARE,0.7154,Small Cap
TANLA,NIFTY IT,0.9422,Mid Cap
TARAPUR,NIFTY CONSR DURBL,0.6151,Micro Cap
TARC,NIFTY IND DIGITAL,0.8794,Small Cap
TARSONS,NIFTY FMCG,0.851,Small Cap
TASTYBITE,NIFTY IT,0.8062,Small Cap
TATACHEM,NIFTY 500,0.8831,Large Cap
TATACOFFEE,NIFTY ALPHA 50,0.9638,Micro Cap
TATACONSUM,NIFTY 50,0.9522,Large Cap
TATAELXSI,NIFTY INFRA,0.9015,Large Cap
TATAINVEST,NIFTY ENERGY,0.9324,Large Cap
TATAMTRDVR,NIFTY ALPHA 50,0.9397,Unknown
TATASTEEL,NIFTY INDIA MFG,0.9538,Large Cap
TBZ,NIFTY 500,0.9112,Small Cap
TCIDEVELOP,NIFTY AUTO,0.6283,Unknown
TCIEXP,NIFTY 100,0.9461,Small Cap
TCNSBRANDS,NIFTY LARGEMID250,0.8257,Unknown
TCPLPACK,NIFTY CONSUMPTION,0.8169,Small Cap
TCS,NIFTY IT,0.9732,Large Cap
TDPOWERSYS,NIFTY CPSE,0.8104,Mid Cap
TECH,NIFTY IT,0.9986,Unknown
TECHM,NIFTY IT,0.9566,Large Cap
TECHNOE,NIFTY INDIA MFG,0.8627,Mid Cap
TEJASNET,NIFTY CONSUMPTION,0.9096,Mid Cap
TEMBO,NIFTY IT,0.8494,Small Cap
TERASOFT,NIFTY 500,0.7876,Small Cap
TEXRAIL,NIFTY CPSE,0.8117,Mid Cap
TGBHOTELS,NIFTY ALPHA 50,0.8633,Micro Cap
THEINVEST,NIFTY LARGEMID250,0.5978,Small Cap
THOMASCOOK,NIFTY IND DIGITAL,0.587,Mid Cap
TI,NIFTY INFRA,0.8723,Mid Cap
TIDEWATER,NIFTY INDIA MFG,0.7964,Unknown
TIINDIA,NIFTY CONSUMPTION,0.9564,Large Cap
TIJARIA,NIFTY LARGEMID250,0.4204,Micro Cap
TIMESGTY,NIFTY CONSUMPTION,0.8159,Unknown
TIMKEN,NIFTY CONSUMPTION,0.9039,Large Cap
TIPSINDLTD,NIFTY ALPHA 50,0.9367,Unknown
TIRUPATIFL,NIFTY CONSUMPTION,0.8586,Micro Cap
TITAN,NIFTY 50,0.9729,Large Cap
TNIDETF,NIFTY IND DIGITAL,0.9715,Unknown
TNPETRO,NIFTY LARGEMID250,0.9436,Small Cap
TNPL,NIFTY INDIA MFG,0.727,Small Cap
TOKYOPLAST,NIFTY CONSUMPTION,0.9477,Micro Cap
TORNTPOWER,NIFTY CONSUMPTION,0.9585,Large Cap
TOTAL,NIFTY CONSUMPTION,0.6835,Micro Cap
TREJHARA,NIFTY ALPHA 50,0.9187,Small Cap
TRF,NIFTY CPSE,0.7093,Micro Cap
TRIDENT,NIFTY ALPHA 50,0.9011,Mid Cap
TRITURBINE,NIFTY 500,0.8656,Mid Cap
TRIVENI,NIFTY ALPHA 50,0.9164,Mid Cap
TRU,NIFTY INDIA MFG,0.6207,Micro Cap
TTKPRESTIG,NIFTY 100,0.9425,Mid Cap
TVSELECT,NIFTY 500,0.8451,Small Cap
TVSMOTOR,NIFTY CONSUMPTION,0.9112,Large Cap
TVTODAY,NIFTY LARGEMID250,0.78,Small Cap
UCOBANK,NIFTY LARGEMID250,0.9387,Large Cap
UDAICEMENT,NIFTY LARGEMID250,0.7547,Small Cap
UFO,NIFTY CPSE,0.5355,Micro Cap
UJJIVAN,NIFTY CONSR DURBL,0.4628,Unknown
UJJIVANSFB,NIFTY LARGEMID250,0.6118,Mid Cap
UMAEXPORTS,NIFTY INDIA MFG,0.8712,Micro Cap
UMESLTD,NIFTY IND DIGITAL,0.7578,Micro Cap
UNIENTER,NIFTY 500,0.921,Small Cap
UNIINFO,NIFTY IT,0.7704,Micro Cap
UNITEDPOLY,NIFTY INDIA MFG,0.6845,Small Cap
UNIVASTU,NIFTY ENERGY,0.888,Micro Cap
UNIVCABLES,NIFTY IND DIGITAL,0.6963,Small Cap
UPL,NIFTY BANK,0.8967,Large Cap
UTIBANKETF,NIFTY BANK,0.9963,Unknown
UTINEXT50,NIFTY 500,0.9907,Unknown
UTINIFTETF,NIFTY 50,0.9988,Unknown
UTISXN50,NIFTY INFRA,0.9802,Unknown
UTTAMSUGAR,NIFTY CONSUMPTION,0.911,Small Cap
V2RETAIL,NIFTY LARGEMID250,0.8683,Mid Cap
VADILALIND,NIFTY CONSUMPTION,0.8031,Small Cap
VAIBHAVGBL,NIFTY IT,0.848,Small Cap
VAISHALI,NIFTY LARGEMID250,0.7105,Micro Cap
VAKRANGEE,NIFTY LARGEMID250,0.4395,Small Cap
VALIANTORG,Unassigned,0.1972,Small Cap
VARDMNPOLY,NIFTY ALPHA 50,0.905,Micro Cap
VASCONEQ,NIFTY 500,0.9308,Small Cap
VBL,NIFTY ENERGY,0.9381,Large Cap
VENKEYS,NIFTY LARGEMID250,0.903,Small Cap
VERANDA,NIFTY CONSUMPTION,0.8277,Small Cap
VERTOZ,Unassigned,0.3308,Small Cap
VETO,NIFTY 500,0.7895,Micro Cap
VGUARD,NIFTY BANK,0.8411,Mid Cap
VIDHIING,NIFTY ALPHA 50,0.9478,Small Cap
VIJIFIN,NIFTY ALPHA 50,0.8164,Micro Cap
VIKASLIFE,NIFTY INDIA MFG,0.8725,Micro Cap
VINDHYATEL,NIFTY 500,0.7992,Small Cap
VIPCLOTHNG,NIFTY CPSE,0.8525,Micro Cap
VIPIND,NIFTY BANK,0.8928,Mid Cap
VISASTEEL,NIFTY ALPHA 50,0.8996,Small Cap
VISESHINFO,NIFTY ALPHA 50,0.8274,Micro Cap
VISHWARAJ,NIFTY LARGEMID250,0.8397,Micro Cap
VIVIDHA,NIFTY ALPHA 50,0.6992,Micro Cap
VIVIMEDLAB,NIFTY LARGEMID250,0.4992,Micro Cap
VLSFINANCE,NIFTY ALPHA 50,0.9175,Small Cap
VMART,NIFTY ALPHA 50,0.9379,Mid Cap
VOLTAS,NIFTY 100,0.975,Large Cap
VRLLOG,NIFTY CPSE,0.8625,Small Cap
VSSL,NIFTY 500,0.9618,Small Cap
VTL,NIFTY ALPHA 50,0.9105,Mid Cap
WABAG,NIFTY LARGEMID250,0.7734,Mid Cap
WATERBASE,NIFTY LARGEMID250,0.9119,Micro Cap
WEALTH,NIFTY INFRA,0.9324,Small Cap
WEBELSOLAR,NIFTY ALPHA 50,0.8948,Small Cap
WELCORP,NIFTY ENERGY,0.7816,Large Cap
WELINV,NIFTY FIN SERVICE,0.9091,Micro Cap
WELSPUNIND,NIFTY ALPHA 50,0.8461,Unknown
WENDT,NIFTY ENERGY,0.9108,Small Cap
WESTLIFE,NIFTY CONSUMPTION,0.9182,Mid Cap
WFL,NIFTY ALPHA 50,0.4678,Unknown
WHEELS,NIFTY LARGEMID250,0.8686,Small Cap
WHIRLPOOL,NIFTY FIN SERVICE,0.7968,Mid Cap
WINDLAS,NIFTY FIN SERVICE,0.5601,Small Cap
WINDMACHIN,NIFTY ALPHA 50,0.865,Small Cap
WINPRO,NIFTY HEALTHCARE,0.6615,Micro Cap
WIPRO,NIFTY IT,0.9751,Large Cap
WOCKPHARMA,NIFTY LARGEMID250,0.785,Large Cap
WONDERLA,NIFTY CPSE,0.6914,Small Cap
WORTH,NIFTY CPSE,0.8917,Micro Cap
WSTCSTPAPR,NIFTY CONSUMPTION,0.8021,Small Cap
XCHANGING,NIFTY CONSUMPTION,0.8407,Small Cap
XELPMOC,NIFTY IT,0.8205,Micro Cap
YAARI,NIFTY INDIA MFG,0.4685,Small Cap
YESBANK,NIFTY LARGEMID250,0.9219,Large Cap
YUKEN,NIFTY LARGEMID250,0.8319,Small Cap
ZEEL,NIFTY CPSE,0.5534,Mid Cap
ZEELEARN,NIFTY LARGEMID250,0.7779,Micro Cap
ZENITHEXPO,NIFTY 500,0.8596,Micro Cap
ZENITHSTL,NIFTY INDIA MFG,0.8409,Micro Cap
ZENSARTECH,NIFTY IND DIGITAL,0.8991,Mid Cap
ZENTEC,NIFTY LARGEMID250,0.9263,Mid Cap
ZFCVINDIA,NIFTY CONSUMPTION,0.7511,Large Cap
ZODIAC,NIFTY AUTO,0.8002,Unknown
ZODIACLOTH,NIFTY LARGEMID250,0.7685,Micro Cap
ZOMATO,NIFTY IT,0.7609,Unknown
ZOTA,NIFTY IT,0.8446,Small Cap
ZUARI,NIFTY IND DIGITAL,0.8789,Small Cap
ZUARIIND,NIFTY ALPHA 50,0.9191,Small Cap
ZYDUSLIFE,NIFTY HEALTHCARE,0.8559,Large Cap
ZYDUSWELL,NIFTY FIN SERVICE,0.8831,Mid Cap
